number-club-show,date,club,city,rang,judge,members,photo,catalog,year
1,24.09.2017,"МОО ККО ""ДРУГ""",СЕВАСТОПОЛЬ,ПК,ГАЧИНА ОКСАНА (РОССИЯ),20,да,20170924-sevastopol.pdf,2017
2,19.11.2017,"В рамках выставки ""Россия-2017"". Организатор - РКФ",МОСКВА,ЧК,JUSSI LIIMATAINEN (ФИНЛЯНДИЯ),96,https://www.facebook.com/media/set/?set=oa.945922475561615&type=3,20171119-moscow.pdf,2017
3,05.01.2018,"СРОО ""КФЦ ""Кредо-Плюс""",ЮЖНО-САХАЛИНСК,КЧК,АБРАКИМОВ ШАМИЛЬ (РОССИЯ),19,да,20180105-sakhalin.pdf,2018
4,13.01.2018,"ЛРОО КС ""ВИТА КАНИС""",ЛИПЕЦК,КЧК,МАТВЕЕВА ЕЛЕНА (РОССИЯ),15,https://www.youtube.com/watch?v=mH7DxerX9PA&feature=youtu.be,20180113-lipetsk.pdf,2018
5,13.01.2018,ООО КЦ Элита,МОСКВА,ПК,ПРОЗОРОВ ДМИТРИЙ (РОССИЯ),21,нет,20180113-moscow.pdf,2018
6,21.01.2018,НГООС ЦНП,НОВОСИБИРСК,ПК,KUZELJ DENIS (БОЛГАРИЯ),58,https://www.facebook.com/media/set/?set=oa.261040314430173&type=3,20180121-novosibirsk.pdf,2018
7,21.01.2018,МКОО НОРД,МОСКВА,КЧК,ELZBIЕTA AUGUSTINIAK (ПОЛЬША),29,да,20180121-moscow.pdf,2018
8,27.01.2018,КЛЖ КАСКАД,САНКТ-ПЕТЕРБУРГ,КЧК,AGNIESZKA ONUK (ТУРЦИЯ),33,да,20180127-sankt-peterburg.pdf,2018
9,28.01.2018,НГООЛС Клуб Молосс,НОВОСИБИРСК,ПК,ВАСИЛЬЕВ ОЛЕГ (РОССИЯ),48,https://www.facebook.com/profile.php?id=100002059138191&sk=photos&collection_token=100002059138191%3A2305272732%3A69&set=a.1630008503744438.1073741945.100002059138191&type=3&pnref=story,20180128-novosibirsk.pdf,2018
10,04.02.2018,"СПОО ""КЛЖ ""Петербург""",САНКТ-ПЕТЕРБУРГ,ПК,DUSAN PAUNOVIC (СЕРБИЯ),45,да,20180203-sankt-peterburg.pdf,2018
11,04.02.2018,"ОО ""КССКО""",КИРОВ,КЧК,КИТАЕВА С. (РОССИЯ),32,https://www.facebook.com/media/set/?set=oa.1170928363061024&type=3,20180204-kirov.pdf,2018
12,11.02.2018,"ЛГОО КС ""ИМПЕРИЯ ЛОНД""",ЛИПЕЦК,КЧК,ЖУК АНАТОЛИЙ (БЕЛАРУСЬ),15,нет,20180211-lipetsk.pdf,2018
13,17.02.2018,"ОО ПК КЛЖ  ""ЛЮКОМ""",ПЕРМЬ,КЧК,ОСТРОВСКАЯ МАРИНА (РОССИЯ),46,нет,20180217-perm.pdf,2018
14,17.02.2018,"ТКЦ ""ТРОЯН""",ТОЛЬЯТТИ,ПК,ОВСЯННИКОВА ЮЛИЯ (РОССИЯ),63,https://www.facebook.com/zarrina.hamidova/videos/1792208654136956/,20180217-toliatti.pdf,2018
15,18.02.2018,КЛЖ «ФАУНА»,МОСКВА,ПК,KAREL HORAK (ЧЕХИЯ),35,нет,20180218-moscow.pdf,2018
16,24.02.2018,"СООО ЕКК ""Виннер"" ",ЕКАТЕРИНБУРГ,КЧК,КРЮКОВА Е.В. (РОССИЯ),58,https://www.facebook.com/media/set/?set=oa.1021025884717940&type=3,20180224-ekaterinburg.pdf,2018
17,25.02.2018,НГООЛС Актион,НОВОСИБИРСК,ПК,СОКОЛОВА Л.В. (РОССИЯ),43,да,20180225-novosibirsk.pdf,2018
18,25.02.2018,"ВРОО КСОДП ""Феникс""",ВОРОНЕЖ,ПК,КИРКИЦКАЯ Г.В. (РОССИЯ),39,да,20180225-voronezh.pdf,2018
19,25.02.2018,"КРООЛЖ ""Хелен,с Прауд""",КРАСНОЯРСК,КЧК,ПОПЛАВСКАЯ Е.В. (РОССИЯ),37,да,20180225-krasnoyarsk.pdf,2018
20,03.03.2018,"РОО ""НордВест""",САНКТ-ПЕТЕРБУРГ,ПК,ГАВРИЛОВА ЯНА (РОССИЯ),46,да,20180303-sankt-peterburg.pdf,2018
21,03.03.2018,"СОООЦЛС ""Имидж Дог""",САМАРА,КЧК,KUZELJ DENIS (БОЛГАРИЯ),21,да,20180303-samara.pdf,2018
22,03.03.2018,СООО КК Линос,ЕКАТЕРИНБУРГ,КЧК,КОЗИНА Е. (РОССИЯ),34,нет,20180303-ekaterinburg.pdf,2018
23,04.03.2018,"МРКЛСК ""ЗООЦЕНТР""",САРАНСК,ПК,АБРАКИМОВ ШАМИЛЬ (РОССИЯ),41,да,20180403-saransk.pdf,2018
24,11.03.2018,ОО ПККСС,ПЕРМЬ,КЧК,ПОПЛАВСКАЯ Е.В. (РОССИЯ),26,https://www.facebook.com/media/set/?set=oa.1034650663355462&type=3,20180311-perm.pdf,2018
25,18.03.2018,"АГДООЛЖ ""ОЛЬХОН""",АНГАРСК,КЧК,NEBOJSA SVRAKA (СЕРБИЯ),39,да,20180318-angarsk.pdf,2018
26,25.03.2018,"РОО КК ""ПЛАНЕТА СОБАК""",МОСКВА,ЧК,"LYNN LYTHGOE (UK), JEAN SHARP-BALE(UK)",204,"https://www.facebook.com/media/set/?set=oa.1019413811545814&type=3, https://www.facebook.com/media/set/?set=oa.1017831978370664&type=3, https://www.facebook.com/media/set/?set=oa.945922475561615&type=3 ",20180325-moscow.pdf,2018
27,31.03.2018,СПб ОО «КЛС «Невский Бриз» ,САНКТ-ПЕТЕРБУРГ,КЧК,TAMAS JAKKEL (ВЕНГРИЯ) ,24,https://www.facebook.com/media/set/?set=oa.1023421031145092&type=3,20180331-sankt-peterburg.pdf,2018
28,31.03.2018,"ЗКОО ""Клуб Фауна""",ЧИТА,КЧК,РОДИНА ИНЕССА (РОССИЯ),18,да,20180331-chita.pdf,2018
29,31.03.2018,"КООКО ""Курган-Град""",КУРГАН,ПК,MASALEVICHENE NATALYA (КАЗАХСТАН),92,https://www.facebook.com/media/set/?set=oa.1027577284062800&type=3,20180331-kurgan.pdf,2018
30,31.03.2018,"ККРОО ""Клуб Абсолют""",КАЛИНИНГРАД,КЧК,СЕНАШЕНКО ЕКАТЕРИНА (РОССИЯ),19,нет,20180331-kaliningrad.pdf,2018
31,31.03.2018,"ЧГОО ЧКЦ ""Алмазная Корона""",ЧЕРЕПОВЕЦ,КЧК,ОВСЯННИКОВА ЮЛИЯ (РОССИЯ),30,да,20180331-cherepovets.pdf,2018
32,01.04.2018,"СРОО ""СКЦ""",ЕКАТЕРИНБУРГ,КЧК,КИРКИЦКАЯ Г.В. (РОССИЯ),56,https://www.facebook.com/media/set/?set=oa.1034484156705446&type=3,20180331-ekaterinburg.pdf,2018
33,07.04.2018,"МГОО ""Клуб собаководства ""Зоомир""",МИАСС,ПК,HLEBAROV ANTOAN (БОЛГАРИЯ),44,да,20180407-miass.pdf,2018
34,07.04.2018,"ОО ""ЦЛЖ ""ТЮЛОС"" г. Новый Уренгой",НОВЫЙ УРЕНГОЙ,ПК,КОРОТАЕВА СВЕТЛАНА (РОССИЯ),21,да,20180407-novyi-urengoi.pdf,2018
35,14.04.2018,"МОО ""КЦ""",СЕВАСТОПОЛЬ,КЧК,СЕДЫХ Н.Е. (РОССИЯ),14,да,20180414-sevastopol.pdf,2018
36,14.04.2018,"ОО КЛПС ""Кинология""",СЫЗРАНЬ,ПК,ОСТРОВСКАЯ МАРИНА (РОССИЯ),54,https://www.youtube.com/watch?v=VA-Jlv8qFLk&feature=youtu.be,20180414-syzran.pdf,2018
37,14.04.2018,"СРООЛС ""Мистер Пёс""",ЕКАТЕРИНБУРГ,ПК,MACH LISBETH (ШВЕЙЦАРИЯ),94,нет,20180414-ekaterinburg.pdf,2018
38,15.04.2018,КФРБ,УФА,ПК,ГАЧИНА ОКСАНА (РОССИЯ),37,да,20180415-ufa.pdf,2018
39,22.04.2018,ПРООЛЖ «СКиФ»,ПЕНЗА,КЧК,МОРОЗОВА О.В. (РОССИЯ),20,https://www.facebook.com/media/set/?set=oa.1042905895863272&type=3,20180422-penza.pdf,2018
40,22.04.2018,КС и ЛС ФАВОРИТ,ЕКАТЕРИНБУРГ,КЧК,ОСТРОВСКАЯ МАРИНА (РОССИЯ),39,https://www.facebook.com/media/set/?set=oa.1051495031671025&type=3,20180422-ekaterinburg.pdf,2018
41,29.04.2018,РОО ЦЛЖ «Лидер и Престиж»,МОСКВА,ПК,"HARTO STOCKMARI (ФИНЛЯНДИЯ), MIKAEL NILSSON (ШВЕЦИЯ)",35,https://www.facebook.com/media/set/?set=oa.1035848353235693&type=3,20180429-moscow.pdf,2018
42,29.04.2018,"ОРОО ""КЛЖ ""ФЛАГМАН""",ОМСК,КЧК,РАСЧИХМАРОВА Т. (РОССИЯ),20,https://www.facebook.com/media/set/?set=oa.1051482041672324&type=3,20180429-omsk.pdf,2018
43,29.04.2018,"РОО ""НОКП""",НИЖНИЙ НОВГОРОД,ПК,ДУДКО ДЕНИС (БЕЛАРУСЬ),46,https://www.facebook.com/media/set/?set=oa.1052391274914734&type=3,20180429-nnovgorod.pdf,2018
44,01.05.2018,"ХКОЛЖ ""РЕГИОН ДВ""",ХАБАРОВСК,ПК,ГРИГОРЕНКО ТАТЬЯНА (РОССИЯ),50,нет,20180501-khabarovsk.pdf,2018
45,09.05.2018,"ТРБОО ""КФРТ""",КАЗАНЬ,ПК,СЕНАШЕНКО ЕКАТЕРИНА (РОССИЯ),37,да,20180509-kazan.pdf,2018
46,12.05.2018,СООКО ВИВАТ УРАЛ,ЕКАТЕРИНБУРГ,КЧК,ОВСЯННИКОВА ЮЛИЯ (РОССИЯ),38,https://www.facebook.com/media/set/?set=oa.1062966527190542&type=3,20180513-ekaterinburg.pdf,2018
47,19.05.2018,ВлОКС,ВЛАДИМИР,КЧК,БЕЛКИНА ЕЛЕНА (РОССИЯ),29,https://www.facebook.com/media/set/?set=oa.1057628914390970&type=3,20180519-vladimir.pdf,2018
48,19.05.2018,"КРОО ""Калининградский Кеннел Клуб""",КАЛИНИНГРАД,КЧК,JOVICA GOLUBOVIC (СЕРБИЯ),20,нет,20180519-kaliningrad.pdf,2018
49,20.05.2018,"ЗРОО ""КСС""",ЧИТА,ПК,ПРОЗОРОВ ДМИТРИЙ (РОССИЯ),23,да,20180520-chita.pdf,2018
50,20.05.2018,"РОО ""ОКПЦ ""Фаворит""",ОМСК,ПК,ANDRZEJ  SZUTKIEWICZ (ПОЛЬША),60,да,20180520-omsk.pdf,2018
51,20.05.2018,"РОО КЦ ""Президент""",МОСКВА,КЧК,"ANTONIO MRACEVIC (ЧЕРНОГОРИЯ), FABIAN ARIENTI (USA)",14,нет,20180520-moscow.pdf,2018
52,27.05.2018,БГОО КСИЛС,БИЙСК,ПК,PUHA OLGA (КАЗАХСТАН),35,да,20180527-novosibirsk.pdf,2018
53,27.05.2018,"ЕГОКО ""Содружество кинологов Екатеринбурга""",ЕКАТЕРИНБУРГ,КЧК,VOLINETS SERGHEI (MOLDOVA),27,https://www.facebook.com/media/set/?set=oa.1057623927724802&type=3,20180527-ekaterinburg.pdf,2018
54,27.05.2018,"РОО КЛС ""ГОЛДРАЙЗ""",МОСКВА,ПК,MARCHESE MARIA LUISA (ИТАЛИЯ),27,https://www.facebook.com/media/set/?set=oa.1051431945010667&type=3,20180527-moscow.pdf,2018
55,27.05.2018,"РООКК ОЛЖ ""СИРИУС""",КРАСНОЯРСК,ПК,ТРИФОНОВА ИРИНА (РОССИЯ),44,да,20180527-krasnoyarsk.pdf,2018
56,27.05.2018,"ОО ""РКФЦ ""ГРАНД+""",СУРГУТ,ПК,КРАКОВСКАЯ ЛЮДМИЛА (РОССИЯ),31,да,20180527-surgut.pdf,2018
57,02.06.2018,ВРООЛЖ «ЗОЛОТОЕ КОЛЬЦО»          ,ВЛАДИМИР,ПК,PAPADATOS MICHAEL (ГРЕЦИЯ),42,да,20180602-vladimir.pdf,2018
58,03.06.2018,СОЦПОиЛС,САРАТОВ,КЧК,БЕЛКИНА ЕЛЕНА (РОССИЯ),23,нет,20180602-saratov.pdf,2018
59,03.06.2018,"СООО ""СОЮЗ КИНОЛОГОВ""",САМАРА,КЧК,КУЛЕШОВА ЕЛЕНА (РОССИЯ),27,да,20180603-samara.pdf,2018
60,03.06.2018,"РОО КЦ ""ЮГОРИЯ""",СУРГУТ,КЧК,ALEKSOSKI MILE (МАКЕДОНИЯ),29,да,20180603-surgut.pdf,2018
61,03.06.2018,"НОООЛЖ ""ФАУНА""",НИЖНИЙ НОВГОРОД,КЧК,ТИМОФЕЕВА ОЛЬГА (РОССИЯ),48,да,20180603-nnovgorod.pdf,2018
62,10.06.2018,"КРООЛЖР ""Радужный мир""",КОРКИНО,КЧК,КОЗИНА Е. (РОССИЯ),39,https://www.facebook.com/groups/472730069547527/permalink/1065643363589525/,20180610-korkino.pdf,2018
63,23.06.2018,МГОО МКСС,МАГНИТОГОРСК,ПК,ЕРШОВ ДМИТРИЙ (РОССИЯ),39,https://www.facebook.com/media/set/?set=oa.1727015904033605&type=3,20180623-magnitogorsk.pdf,2018
64,23.06.2018,"ОО КПЦ ""КИНОС"" г. Кирова",КИРОВ,ПК,БРОВКИНА ТАТЬЯНА (РОССИЯ),38,да,20180623-kirov.pdf,2018
65,24.06.2018,"ООТГКО ""Лидер""",ТОБОЛЬСК,КЧК,HADZIC REFET (БОСНИЯ И ГЕРЦЕГОВИНА,27,да,20180624-tobolsk.pdf,2018
66,30.06.2018,ОО СГКСС,СУРГУТ,КЧК,СЕНАШЕНКО ЕКАТЕРИНА (РОССИЯ),19,да,20180630-surgut.pdf,2018
67,14.07.2018,ТООЛЖ,ТЮМЕНЬ,ПК,ОСТРОВСКАЯ МАРИНА (РОССИЯ),83,https://www.facebook.com/media/set/?set=oa.1121361084684419&type=3,20180714-tymen.pdf,2018
68,22.07.2018,СООО НТКСС,СЕРОВ,КЧК,КОРОТАЕВА СВЕТЛАНА (РОССИЯ),47,https://www.facebook.com/media/set/?set=oa.1121371571350037&type=3,20180722-serov.pdf,2018
69,22.07.2018,"СПБ РОО ""КК ""Элита""",САНКТ-ПЕТЕРБУРГ,ПК,PANOS DEMETRIOU (КИПР),57,https://www.facebook.com/media/set/?set=oa.1318181451669047&type=3,20180722-sanktpeterburg.pdf,2018
70,29.07.2018,КРООПС «КЕННЕЛ-клуб» ,КУРСК,ПК,КИРКИЦКАЯ ГАЛИНА (РОССИЯ),25,нет,20180729-kursk.pdf,2018
71,12.08.2018,ППООЛС,ПЕРМЬ,ПК,БЕГМА ИННА (РОССИЯ),36,нет,20180812-perm.pdf,2018
72,26.08.2018,"КРОО ""Союз кинологов Вятки""",КИРОВ,КЧК,НИКОНОРОВА ТАТЬЯНА,22,да,20180826-kirov.pdf,2018
73,26.08.2018,"КРООЛЖ ""Фауна""",ЕЛИЗОВО,КЧК,ОГАНОВА ГАЛИНА (РОССИЯ),23,нет,20180826-elizovo.pdf,2018
74,08.09.2018,"СРООЛС ""КС""",САРАТОВ,ПК,КАРМАЗИНА Е.В. (РОССИЯ),27,да,20180909-saratov.pdf,2018
75,15.09.2018,КГОЛС,КРАСНОДАР,КЧК,ЯНЧЕВ ОЛЕГ (РОССИЯ),23,да,20180915-krasnodar.pdf,2018
76,15.09.2018,ПКЛС,МО ПУШКИНО,ПК,КУДРЯВЦЕВА ЕЛЕНА (РОССИЯ),39,да,20180915-pushkino.pdf,2018
77,15.09.2018,"ОО ""ПКС ""Кавказ""",ПЯТИГОРСК,КЧК,MALGORZATA WIEREMIEJCZYK-WIERZCHOWSKA (ПОЛЬША),14,да,20180915-pyatigorsk.pdf,2018
78,23.09.2018,"""Красный Яр""",КРАСНОЯРСК,ПК,ОГАНОВА ГАЛИНА (РОССИЯ),70,http://krasnyyar.ru/viewtopic.php?f=5&t=1664&p=89692#p89692,20180923-krasnoyarsk.pdf,2018
79,23.09.2018,"ЗГООЛЖиР ""Планета Эльф""",ЗЛАТОУСТ,КЧК,ЛАКАТОШ ЮЛИЯ (РОССИЯ),24,https://74.ru/forum/message.php?id=15996099,20180923-zlatoust.pdf,2018
80,30.09.2018,"ОРОО ""КПЦ ОМИЧ""",ОМСК,КЧК,БОБИКОВА ВАЛЕРИЯ (РОССИЯ),18,да,20180930-omsk.pdf,2018
81,30.09.2018,ПККСС,ВЛАДИВОСТОК,ПК,ФАБИАН ДАЗА (КОЛУМБИЯ),33,нет,20180930-vladivostok.pdf,2018
82,30.09.2018,"ГОО КС ""Лидер""",НОВОСИБИРСК,КЧК,РОМАНОВСКАЯ ТАТЬЯНА (РОССИЯ),20,https://www.facebook.com/nvolodeva/videos/1066975326817301/,20180930-novosibirsk.pdf,2018
83,14.10.2018,"МКОО ""Трейл""",МО ПОДОЛЬСК,КЧК,АЗЕН ИРИНА (БЕЛАРУСЬ),25,https://www.facebook.com/media/set/?set=oa.1176540025833191&type=3,20181014-podolsk.pdf,2018
84,14.10.2018,СООО КЦ «АВРОРА»,САМАРА,ПК,GUIDO VANDONI (ИТАЛИЯ),57,https://www.facebook.com/media/set/?set=oa.1186743021479558&type=3,20181014-samara.pdf,2018
85,14.10.2018,ООКК,ОРЕЛ,КЧК,ГОРБАЧЕВСКИЙ ОЛЕГ (РОССИЯ),22,https://www.facebook.com/media/set/?set=oa.1176543879166139&type=3,20181014-orel.pdf,2018
86,14.10.2018,"ОО СВЖ ""Виктория"" ",РЫБИНСК,ПК,БЕЛКИНА ЕЛЕНА (РОССИЯ),45,https://www.facebook.com/media/set/?set=oa.1178088699011657&type=3,20181014-rybinsk.pdf,2018
87,21.10.2018,"ОО ИГКЛЖ ""Фауна""",ИЖЕВСК,КЧК,КОРОТАЕВА СВЕТЛАНА (РОССИЯ),23,да,20181027-izhevsk.pdf,2018
88,27.10.2018,КЛС Ассамблея,САНКТ-ПЕТЕРБУРГ,КЧК,SAVVAS HADJISAVVAS (КИПР),22,да,20181027-sankt-peterburg.pdf,2018
89,27.10.2018,"ПКОЛСИК ""Королевский клуб""",ВЛАДИВОСТОК,ПК,CHUAH KENNETH (СИНГАПУР),35,да,20181027-vladivostok.pdf,2018
90,17.11.2018,СПРОО  «КЦ «Северная Венеция»,САНКТ-ПЕТЕРБУРГ,КЧК,PETER REHANEK (ЧЕХИЯ),23,https://www.facebook.com/media/set/?set=oa.1211452922341901&type=3,20181117-sankt-peterburg.pdf,2018
91,18.11.2018,"ТГОО КЛЖ ""НИКА""",ТОБОЛЬСК,КЧК,РОДИНА ИНЕССА (РОССИЯ),12,https://www.facebook.com/media/set/?set=oa.1211493915671135&type=3,20181118-tobolsk.pdf,2018
92,25.11.2018,"ИГОО ""АНГАРА""",ИРКУТСК,ПК,ОВСЯННИКОВА ЮЛИЯ (РОССИЯ),48,http://nkp-spitz.org/assets/files/reports/20181125-irkutsk-photo.pdf,20181125-irkutsk.pdf,2018
93,25.11.2018,СООКО ЕКАТЕРИНБУРГ,НИЖНИЙ ТАГИЛ,ПК,ГРИГОРЕНКО ТАТЬЯНА (РОССИЯ),71,https://www.facebook.com/media/set/?set=oa.1211470599006800&type=3,20181125-nizniy-tagil.pdf,2018
94,25.11.2018,"ООО ""РКК""",МОСКВА,ПК,JASNA MATEJCIC (ХОРВАТИЯ),37,нет,20181125-moscow.pdf,2018
95,25.11.2018,ЛГОО КСС,ЛИПЕЦК,ПК,МЫЧКО ЕЛЕНА (РОССИЯ),18,нет,20181124-lipetsk.pdf,2018
96,1.12.2018,"РКОО"" КС Гармония""",МОСКВА,КЧК,БЕГМА ИННА (РОССИЯ),10,https://www.facebook.com/media/set/?set=oa.1216810125139514&type=3,20181201-moscow.pdf,2018
97,1.12.2018,"ПКОО КЦ ""БРАНД""",ПЕРМЬ,ПК,ЕРШОВ ДМИТРИЙ (РОССИЯ),45,да,20181201-perm.pdf,2018
98,2.12.2018,РКОО ФОРТУНА,МОСКВА,КЧК,ОГАНОВА ГАЛИНА (РОССИЯ),19,нет,20181202-moscow.pdf,2018
99,9.12.2018,"МОО ""Кинология""",МОСКВА,КЧК,ЧИСТЯКОВА ЛЮДМИЛА (РОССИЯ),25,да,20181209-moscow.pdf,2018
100,16.12.2018,ККФ,КРАСНОДАР,ПК,АБРАКИМОВ ШАМИЛЬ (РОССИЯ),17,https://www.facebook.com/media/set/?set=oa.1217160301771163&type=3,20181216-krasnodar.pdf,2018
101,16.12.2018,"СР ОО КЛС ""Экзотика""",ЕКАТЕРИНБУРГ,ПК,КОРОТАЕВА СВЕТЛАНА (РОССИЯ),76,да,20181216-ekaterinburg.pdf,2018
102,16.12.2018,"ТГОО КС ""Верный""",ТОЛЬЯТТИ,КЧК,ФИЛАТОВА АЛЛА (РОССИЯ),37,https://www.facebook.com/media/set/?set=oa.1257636691056857&type=3,20181216-toliatti.pdf,2018
103,22.12.2018,"МООК ""ОЛИМП""",МОСКВА,КЧК,ОСТРОВСКАЯ МАРИНА (РОССИЯ),21,https://www.facebook.com/media/set/?set=oa.1227210647432795&type=3,20181222-moscow.pdf,2018
104,22.12.2018,"""Облохотрыболовсоюз""",ЧЕЛЯБИНСК,КЧК,ТЕТЕРИНА ЕКАТЕРИНА (РОССИЯ),26,https://www.facebook.com/media/set/?set=oa.1235080063312520&type=3,20181222-chelyabinsk.pdf,2018
105,19.1.2019,"НГОЛС  ""Ц.Н.П.""",НОВОСИБИРСК,ПК,ПОЛИВАНОВ МСТИСЛАВ (РОССИЯ),42,https://www.facebook.com/media/set/?set=oa.455378208329715&type=3 ,20190119-novosibirsk.pdf,2019
106,26.1.2019,"МГОО ""КС ""Зоомир""",МИАСС,КЧК,ОВСЯННИКОВА ЮЛИЯ (РОССИЯ),23,нет,20190126-miass.pdf,2019
107,26.1.2019,КЛЖ Каскад,САНКТ-ПЕТЕРБУРГ,КЧК,ROGER BARENNE (ФРАНЦИЯ),29,https://www.facebook.com/media/set/?set=oa.1250045331815993&type=3,20190126-sankt-peterburg.pdf,2019
108,27.1.2019,"НГООЛС ""Молосс""",НОВОСИБИРСК,КЧК,EKARAT SANGKUNAKUP (ТАЙЛАНД),21,https://www.facebook.com/boldyash/media_set?set=a.2292968947608018&type=3,20190127-novosibirsk.pdf,2019
109,2.2.2019,СПб ОО «КЛЖ «ПЕТЕРБУРГ»,САНКТ-ПЕТЕРБУРГ,ПК,MOMCILO MILIC (MONTENEGRO),50,https://www.facebook.com/media/set/?set=oa.1257932834360576&type=3,20190202-sankt-peterburg.pdf,2019
110,3.2.2019,"ОРКК ""ДАЙНА""",ОМСК,КЧК,АЛЕКСАНДРОВ ВЛАДИМИР (РОССИЯ),12,https://www.facebook.com/media/set/?set=oa.1258647680955758&type=3,20190203-omsk.pdf,2019
111,09.02.2019,"СООО ЕКК ""Виннер""",ЕКАТЕРИНБУРГ,ПК,ПИРОГОВА ИРАИДА (РОССИЯ),61,https://www.facebook.com/pg/amstaffphoto/photos/?tab=album&album_id=2309608602424842,20190219-ekaterinburg.pdf,2019
112,09.02.2019,"ТГОО ""КС ""Лада""",ТОЛЬЯТТИ,КЧК,РЕШЕТНИКОВА СВЕТЛАНА (РОССИЯ),28,https://www.facebook.com/media/set/?set=oa.1259397854214074&type=3,20190209-toliatti.pdf,2019
113,10.02.2019,КЛЖ ЭЛИТА,КУРГАН,КЧК,ЛОГИНОВ АЛЕКСАНДР (РОССИЯ),20,нет,20190210-kurgan.pdf,2019
114,16.02.2019,ЧРООЛС,ЧЕЛЯБИНСК,КЧК,АЗЕН ИРИНА (БЕЛАРУСЬ),26,https://www.facebook.com/media/set/?set=oa.1271722992981560&type=3,20190216-chelyabinsk.pdf,2019
115,17.02.2019,"НГООЛС ""Актион""",НОВОСИБИРСК,ПК,ПУХА ОЛЬГА (КАЗАХСТАН),37,https://www.facebook.com/media/set/?set=oa.1271714209649105&type=3,20190216-novosibirsk.pdf,2019
116,17.02.2019,ККСС ДОСААФ,КРАСНОЯРСК,КЧК,ТИЦ АННА (РОССИЯ),26,https://www.facebook.com/media/set/?set=oa.1271732442980615&type=3,20190217-krasnoyarsk.pdf,2019
117,02.03.2019,"РОО ""КЦ ""Триумф""",КОТЛАС,КЧК,ЕРУСАЛИМСКАЯ ЕЛЕНА (РОССИЯ),15,https://www.facebook.com/media/set/?set=oa.1283275401826319&type=3,20190302-kotlas.pdf,2019
118,02.03.2019,МРКЛСК «ЗООЦЕНТР»,САРАНСК,ПК,ДРОВОСЕКОВА НАТАЛЬЯ (КАЗАХСТАН),36,https://www.facebook.com/media/set/?set=oa.1299538216866704&type=3,20190302-saransk.pdf,2019
119,03.03.2019,НОО ДОЛЖ - Контакт,НИЖНИЙ ТАГИЛ,ПК,ЛАКАТОШ ЮЛИЯ (РОССИЯ),61,нет,20190303-tagil.pdf,2019
120,09.03.2019,оо ПККСС,ПЕРМЬ,КЧК,КУПЛЯУСКАС ЕВГЕНИЙ (РОССИЯ),21,https://www.facebook.com/media/set/?set=oa.1283266785160514&type=3,20190309-perm.pdf,2019
121,09.03.2019,РОО НКС БЭСТ,НОВОСИБИРСК,КЧК,РАДЮК СВЕТЛАНА (БЕЛАРУСЬ),18,нет,20190309-novosibirsk.pdf,2019
122,16.03.2019,"ВРОО КСОДП ""Феникс""",ВОРОНЕЖ,ПК,БОБИКОВА ВАЛЕРИЯ (РОССИЯ),38,https://www.facebook.com/media/set/?set=oa.1299655950188264&type=3,20190316-voronezh.pdf,2019
123,23.03.2019,"СРОО ""КФЦ ""Кредо Плюс""",ЮЖНО-САХАЛИНСК,КЧК,DOLEJSOVA OLGA (ЧЕХИЯ),22,https://www.facebook.com/media/set/?set=oa.1299663726854153&type=3,20190323-sahalin.pdf,2019
124,24.03.2019,"ООКС ""Ласточка""",ПЕНЗА,КЧК,ГАЛИАСКАРОВА ЛАРИСА (РОССИЯ),24,https://www.facebook.com/media/set/?set=oa.1299669113520281&type=3,20190324-penza.pdf,2019
125,24.03.2019,"ОО НГКЛЖ ""Фауна""",НОВОРОССИЙСК,КЧК,OZKANAL UMIT (ТУРЦИЯ),26,https://www.facebook.com/media/set/?set=oa.1318201035000422&type=3,20190324-novorosiisk.pdf,2019
126,06.04.2019,"СРОО ""СКЦ""",ЕКАТЕРИНБУРГ,ЧК,"ROGER BARENNE (ФРАНЦИЯ), LEOS JANCIK (ЧЕХИЯ)",175,"https://www.facebook.com/media/set/?set=oa.1296291223858070&type=3, https://www.facebook.com/media/set/?set=oa.1296318870521972&type=3, https://www.facebook.com/media/set/?set=oa.1300293170124542&type=3, https://www.facebook.com/media/set/?set=oa.1300299523457240&type=3 ",20190406-ekaterinburg.pdf,2019
127,13.04.2019,"ОО КЛПС ""Кинология""",СЫЗРАНЬ,ПК,ОГАНОВА НАТАЛЬЯ (РОССИЯ),41,да,20190413-syzran.pdf,2019
128,13.04.2019,"СПБ РОО ПКЦ "" ОЛИМП""",САНКТ-ПЕТЕРБУРГ,КЧК,ALBERTO CUCCILLATO (ИТАЛИЯ),28,нет,20190413-sankt-peterburg.pdf,2019
129,13.04.2019,"ОО ""ЦЛЖ ""ТЮЛОС""",НОВЫЙ УРЕНГОЙ,ПК,РАКУТА ВАЛЕРИЯ (РОССИЯ),26,https://www.facebook.com/media/set/?set=oa.1336461019841090&type=3,20190413-urengoi.pdf,2019
130,14.04.2019,КФРБ,УФА,ПК,КРАКОВСКАЯ ЛЮДМИЛА (РОССИЯ),21,https://www.facebook.com/media/set/?set=oa.1318195801667612&type=3,20190414-ufa.pdf,2019
131,14.04.2019,МООЛЖ АМИГО,МО ПОДОЛЬСК,КЧК,КРЮКОВА ЕЛЕНА (РОССИЯ),29,https://www.facebook.com/media/set/?set=oa.1318198075000718&type=3,20190414-podolsk.pdf,2019
132,20.04.2019,"НГОО ""СКЦ""",НОВОСИБИРСК,КЧК,ЕГОРОВА ТАТЬЯНА (РОССИЯ),17,https://www.facebook.com/media/set/?set=oa.1318212801665912&type=3,20190420-novosibirsk.pdf,2019
133,20.04.2019,"ТРООЛФФ ""Веста""",ТЮМЕНЬ,КЧК,MASALEVICHENE NATALYA (КАЗАХСТАН),22,https://www.facebook.com/media/set/?set=oa.1336252266528632&type=3,20190420-tyumen.pdf,2019
134,21.04.2019,МОО ЕСТЦСС,ЕКАТЕРИНБУРГ,ПК,MISIC PETAR (СЕРБИЯ),59,https://www.facebook.com/media/set/?set=oa.1318206264999899&type=3,20190421-ekaterinburg.pdf,2019
135,21.04.2019,"МОО ККО ""ДРУГ""",СЕВАСТОПОЛЬ,КЧК,ЛАКАТОШ ЮЛИЯ (РОССИЯ),3,нет,20190421-sevastopol.pdf,2019
136,27.04.2019,"РОО ЦЛЖ ""Лидер и Престиж""",МОСКВА,КЧК,GUNNAR NYMANN (DENMARK),28,https://www.facebook.com/media/set/?set=oa.1326050500882142&type=3,20190428-moscow.pdf,2019
137,04.05.2019,ТООЛЖ,ТЮМЕНЬ,ПК,ПРОЗОРОВ ДМИТРИЙ (РОССИЯ),59,https://www.facebook.com/media/set/?set=oa.1469643239856200&type=3,20190504-tymen.pdf,2019
138,04.05.2019,"КРООЛЖ ""ХЕЛЕН,С ПРАУД""(Гордость Елены)",КРАСНОЯРСК,ПК,ГРИГОРЬЕВА НАДЕЖДА (РОССИЯ),28,https://www.facebook.com/media/set/?set=oa.1337118366442022&type=3,20190504-krasnoyarsk.pdf,2019
139,04.05.2019,СПб РОО «КК «Элита»,САНКТ-ПЕТЕРБУРГ,ПК,KRISTINA VANICKOVA (CZECH REPUBLIC),80,да,20190504-sankt-peterburg.pdf,2019
140,09.05.2019,"РГОО РСКЦ ""МОНАРХ""",РОСТОВ-НА-ДОНУ,КЧК,САРМОНТ ТАМАРА (БЕЛАРУСЬ),11,нет,20190509-rostov.pdf,2019
141,11.05.2019,"ОО РК ""КСП""",СЫКТЫВКАР,КЧК,ОВСЯННИКОВА ЮЛИЯ (РОССИЯ),14,https://www.facebook.com/media/set/?set=oa.1336318763188649&type=3,20190511-syktyvkar.pdf,2019
142,12.05.2019,"ККОБО клуб ""Защита животных""",КРАСНОДАР,КЧК,FRANCISCO RUIZ RODRIGUEZ (SPAIN),11,https://www.facebook.com/media/set/?set=oa.2252721018310933&type=3&_rdc=1&_rdr,20190511-krasnodar.pdf,2019
143,12.05.2019,"КРОО ""КК ""ЧЕМПИОН""",ЕВПАТОРИЯ,КЧК,ВАСИЛЬЕВ ОЛЕГ (РОССИЯ),14,нет,20190512-evpatoriya.pdf,2019
144,12.05.2019,"ОО МОКЦ ""Друг""",МУРМАНСК,КЧК,ЧАЙКОВСКАЯ ФЛЕРА (РОССИЯ),30,https://www.facebook.com/media/set/?set=oa.1336316429855549&type=3,20190512-murmansk.pdf,2019
145,18.05.2019,"ЗКОООЛЖ ""Ольф""",ЧИТА,КЧК,ЖИГАЛИН ПАВЕЛ (РОССИЯ),15,нет,20190518-chita.pdf,2019
146,18.05.2019,ТРБОО КФРТ,КАЗАНЬ,ПК,CUCCILLATO ALBERTO (Италия),21,https://www.facebook.com/media/set/?set=oa.1351886954965163&type=3,20190518-kazan.pdf,2019
147,18.05.2019,"ПООО ""КС и ДС""",ПСКОВ,ПК,LIVIJA ZIZEVSKE (ЛИТВА),36,нет,20190518-pskov.pdf,2019
148,19.05.2019,"КР ОО КСС ""СИРИУС""",НОВОКУЗНЕЦК,КЧК,ГРИГОРЬЕВА НАДЕЖДА (РОССИЯ),23,http://ngkss.ru/19-05-19g-bravo-shpits-monoporodnaya-vystavka-rang-kchk-g-novokuznetsk,20190519-novokuznetsk.pdf,2019
149,19.05.2019,"РОО ""ОКПЦ ""Фаворит""",ОМСК,ПК,MALGORZATA WIEREMIEJCZYK-WIERRZCHOWSKA (POLAND),42,https://www.facebook.com/groups/472730069547527/permalink/1435918743228650/?notif_id=1570523426868296&notif_t=group_post_approved,20190519-omsk.pdf,2019
150,19.05.2019,ЯГОО «ОС ЯРОС»,ЯРОСЛАВЛЬ,КЧК,НИКОНОРОВА ТАТЬЯНА (РОССИЯ),20,нет,20190519-yaroslavl.pdf,2019
151,19.05.2019,ОО РКО СК АЛЬЯНС,СТАВРОПОЛЬ,КЧК,ANDRZEJ STEPINSKI (ПОЛЬША),28,да,20190519-stavropol.pdf,2019
152,19.05.2019,"МОО СГКЦ ""АРГУС""",СЕРОВ,КЧК,ПЕРМЯКОВ МИХАИЛ (РОССИЯ),16,да,20190519-serov.pdf,2019
153,19.05.2019,ВлОКС,ВЛАДИМИР,КЧК,АДАМОВСКАЯ ЕЛЕНА (РОССИЯ),13,https://www.facebook.com/media/set/?set=oa.1351893328297859&type=3,20190519-vladimir.pdf,2019
154,19.05.2019,НООО КЛЖ «Фортуна»,НИЖНИЙ НОВГОРОД,КЧК,ПРОЗОРОВ ДМИТРИЙ (РОССИЯ),30,да,20190519-nizgniy-novgorod.pdf,2019
155,25.05.2019,"РООКК ОЛЖ ""СИРИУС""",КРАСНОЯРСК,ПК,ШИЯН ВЛАДИМИР (УКРАИНА),30,https://www.facebook.com/media/set/?set=oa.1336325329854659&type=3,20190525-krasnoyarsk.pdf,2019
156,25.05.2019,КРОО КФ,СИМФЕРОПОЛЬ,КЧК,БЫЧКОВА ЕЛЕНА (РОССИЯ),7,да,20190525-simpheropol,2019
157,25.05.2019,Клуб «КАС»,САНКТ-ПЕТЕРБУРГ,КЧК,НИКОЛЬСКАЯ НАТАЛЬЯ (РОССИЯ),29,https://www.facebook.com/media/set/?set=oa.1351826164971242&type=3,20190526-sankt-peterburg.pdf,2019
158,26.05.2019,"КСиЛС ""Диана""",МИЧУРИНСК,КЧК,ФИЛАТОВА АЛЛА (РОССИЯ),14,https://www.facebook.com/media/set/?set=oa.1337107426443116&type=3,20190526-michurinsk.pdf,2019
159,26.05.2019,"ОО ""РКФЦ""Гранд+""",СУРГУТ,КЧК,ОВСЯННИКОВА ЮЛИЯ (РОССИЯ),20,нет,20190526-surgut.pdf,2019
160,01.06.2019,"НГОО ""ОЛС""",НОВОРОССИЙСК,КЧК,ШИЛОВА ОЛЬГА (РОССИЯ),22,нет,20190601-snovorossiisk.pdf,2019
161,02.06.2019,"НОООЛЖ ""Фауна""",НИЖНИЙ НОВГОРОД,ПК,ЧАЙКОВСКАЯ ФЛЕРА (РОССИЯ),47,да,20190602-nn.pdf,2019
162,08.06.2019,РОО «СЛЖ «НИКА» РБ»,УФА,КЧК,OLKOVA JULIYA (КАЗАХСТАН),16,https://www.facebook.com/media/set/?set=oa.1351868158300376&type=3,20190608-ufa.pdf,2019
163,08.06.2019,"КРООЛЖР ""Радужный мир""",КОРКИНО,ПК,ПЕРШИНА ЕЛЕНА (РОССИЯ),41,https://www.facebook.com/media/set/?set=oa.1351903554963503&type=3,20190609-korkino.pdf,2019
164,09.06.2019,"РОО КЛС ""ГОЛДРАЙЗ""",МОСКВА,КЧК,БЕЛКИНА ЕЛЕНА (РОССИЯ),11,нет,20190609-moscow.pdf,2019
165,15.06.2019,ВРООЛЖ Золотое Кольцо,ВЛАДИМИР,ПК,КРЕМНЕВ МИХАИЛ (РОССИЯ),47,да,20190615-vladimir.pdf,2019
166,22.06.2019,"ОО КПЦ ""КИНОС""",КИРОВ,КЧК,ГАВРИЛОВА ЯНА (РОССИЯ),21,да,20190622-kirov.pdf,2019
167,29.06.2019,МГОО МГКСС,МАГНИТОГОРСК,ПК,ГЕРАСИМОВА МАРИНА (РОССИЯ),40,http://zooportal.pro/show/photos/6601817/?show_count=50,20190629-magnitogorsk.pdf,2019
168,30.06.2019,"МОО КЛЖ ""Екселент""",МОСКВА,КЧК,ГВОЗДЕВА МАРИЯ (УКРАИНА),11,нет,20190630-moscow.pdf,2019
169,07.07.2019,"ОО ""КЛС"" РМО ЯО",РЫБИНСК,КЧК,ПЕРМЯКОВ МИХАИЛ (РОССИЯ),30,да,20190707-rybinsk.pdf,2019
170,14.07.2019,СООО НТКСС,СЕРОВ,ПК,КРЫЛОВА ЕКАТЕРИНА (РОССИЯ),62,https://www.facebook.com/samarinaoxana/media_set?set=a.2781707758569897&type=3,20190714-serov.pdf,2019
171,28.07.2019,"КРКФОО ""Звезда Запада - Калининград""",КАЛИНИНГРАД,КЧК,MATEJEVIC NENAD (СЕРБИЯ),35,https://www.facebook.com/media/set/?set=oa.1425248547629003&type=3,20190728-kaliningrad.pdf,2019
172,04.08.2019,МКОО «ЦЕНТРАЛЬНЫЙ КЛУБ МАСТИНО»,КОЛОМНА,КЧК,ГЛУХОВА ЛЮДМИЛА (РОССИЯ),15,https://www.facebook.com/media/set/?set=oa.1425268280960363&type=3,20190804-kolomna.pdf,2019
173,04.08.2019,"НОООЛЖ ""Верный друг"" ",НИЖНИЙ НОВГОРОД,ПК,АБРАКИМОВ ШАМИЛЬ (РОССИЯ),40,https://www.facebook.com/media/set/?set=oa.1425259214294603&type=3,20190804-nizgniy-novgorod.pdf,2019
174,10.08.2019,КЛЖ Ассамблея,САНКТ-ПЕТЕРБУРГ,КЧК,CLAUS-PETER FRICKE (ГЕРМАНИЯ),22,да,20190810-sankt-peterburg.pdf,2019
175,17.08.2019,"РОО ""НОКП""",НИЖНИЙ НОВГОРОД,ПК,МУН ЛЮДМИЛА (РОССИЯ),44,нет,20190817-nizgniy-novgorod.pdf,2019
176,18.08.2019,"ТГОО КЛЖ ""НИКА""",ТОБОЛЬСК,КЧК,ЧИСТЯКОВА ЛЮДМИЛА (РОССИЯ),12,да,20190818-tobolsk.pdf,2019
177,07.09.2019,РОСТОВ-НА-ДОНУ,ОРО РКЛС,КЧК,ТРОФИМОВ ДМИТРИЙ (РОССИЯ),6,да,20190907-rostov-na-dony.pdf,2019
178,08.09.2019,"СРООЛС ""КЛУБ СОБАКОВОДСТВА""",САРАТОВ,ПК,КУКОЛЕВА ЕЛЕНА (РОССИЯ),27,https://www.facebook.com/media/set/?set=oa.1425274884293036&type=3,20190908-saratov.pdf,2019
179,08.09.2019,"КРОО ""Союз кинологов Вятки""",КИРОВ,КЧК,КРЕМНЕВ МИХАИЛ (РОССИЯ),18,https://www.facebook.com/media/set/?set=oa.1425467300940461&type=3,20190908-kirov.pdf,2019
180,14.09.2019,ПКЛС,МО ПУШКИНО,ПК,ТРИФОНОВА ИРИНА (РОССИЯ),20,да,20190914-pushkino.pdf,2019
181,14.09.2019,"СПБ РОО КЦ ""Триада Л""",САНКТ-ПЕТЕРБУРГ,КЧК,ANNELI SUTELA (FINLAND),15,нет,20190914-sankt-peterburg.pdf,2019
182,22.09.2019,КРАСНОЯРСК,"""Красный Яр""",ПК,ВЕРЕМЧУК НАТАЛЬЯ (РОССИЯ),52,https://www.facebook.com/profile.php?id=100001931391819&sk=media_set&set=a.3002589999815350&type=3,20190922-krasnoyarsk.pdf,2019
183,22.09.2019,ЗЛАТОУСТ,"ЗГООЛЖиР"" Планета Эльф""",ПК,ДИВЕЛЬ ЛИЛИЯ (РОССИЯ),46,https://74.ru/forum/message.php?id=16134034,20190922-zlatoust.pdf,2019
184,22.09.2019,СЕВАСТОПОЛЬ,"РОО ПЦС ""Севастополь""",КЧК,БАЛАШОВА НАТАЛЬЯ (РОССИЯ),2,да,20190922-sevastopol.pdf,2019
185,28.09.2019,КРАСНОДАР,КГОЛС,КЧК,БАКЛУШИН ГЕОРГИЙ (РОССИЯ),16,нет,20190928-krasnodar.pdf,2019
186,29.09.2019,СИМФЕРОПОЛЬ,"КРКОО ""СКИФ""",КЧК,БАРБОСОВ КИРИЛЛ (РОССИЯ),7,нет,20190929-simferopol.pdf,2019
187,29.09.2019,ВЛАДИВОСТОК,ОО ПККСС,КЧК,WANG ZHIWEI (КИТАЙ),26,нет,20190929-vladivostok.pdf,2019
188,05.10.2019,НОВОСИБИРСК,ГОО КС Лидер,КЧК,АБРАКИМОВ ШАМИЛЬ (РОССИЯ),19,нет,20191005-novosibirsk.pdf,2019
189,06.10.2019,УСОЛЬЕ-СИБИРСКОЕ,"УГДООЛЖ ""АРТО""",КЧК,ЛАКАТОШ ЮЛИЯ (РОССИЯ),16,нет,20191006-usolie-sibirskoe.pdf,2019
190,06.10.2019,БИЙСК,"БГОО ""КСиЛС""",ПК,КАРЕТНИКОВА ОЛЬГА (РОССИЯ),23,https://www.facebook.com/media/set/?set=oa.1448732861947238&type=3,20191006-biisk.pdf,2019
191,06.10.2019,КУРГАН,"КООКО ""Курган-Град""",ПК,WIEREMIEJCZYK-WIERZCHOWSKA MALGORZATA (ПОЛЬША),52,https://www.facebook.com/media/set/?set=oa.1451966284957229&type=3,20191006-kurgan.pdf,2019
192,12.10.2019,МО ПОДОЛЬСК,"МКОО ""ТРЕЙЛ""",КЧК,ЛОГИНОВ АЛЕКСАНДР (РОССИЯ),14,https://www.facebook.com/media/set/?set=oa.1448741198613071&type=3,20191012-podolsk.pdf,2019
193,12.10.2019,МАГАДАН,МОООЛС Венец Колымы,КЧК,ОВСЯННИКОВА ЮЛИЯ (РОССИЯ),16,https://www.facebook.com/media/set/?set=oa.1463844853769372&type=3,20191012-magadan.pdf,2019
194,12.10.2019,СЕВАСТОПОЛЬ,МОО КЦ,КЧК,КРУЦЕНКО ЕЛЕНА (РОССИЯ),8,https://www.facebook.com/media/set/?set=oa.1456959584457899&type=3,20191012-sevastopol.pdf,2019
195,12.10.2019,САНКТ-ПЕТЕРБУРГ,"РОО КЛС ""СПАРС""",КЧК,RAFAEL GARCIA PARRONDO,29,нет,20191012-sankt-peterburg.pdf,2019
196,13.10.2019,РЫБИНСК,"ОО СВЖ ""Виктория"" г. Рыбинск",ПК,СОЛОВЬЕВА ИРИНА (РОССИЯ),38,https://www.facebook.com/media/set/?set=oa.1465583130262211&type=3,20191013-rybinsk.pdf,2019
197,19.10.2019,ТУЛА,"ТГОО КК ""Гардиан""",КЧК,ОСТРОВСКАЯ МАРИНА (РОССИЯ),8,https://www.facebook.com/media/set/?set=oa.1451970774956780&type=3,20191019-tula.pdf,2019
198,20.10.2019,КУРСК,ООКК,ПК,КРЕМНЕВ МИХАИЛ (РОССИЯ),25,"https://youtu.be/GMKnzuVjz-s 
https://youtu.be/eVKT8pNggWg ",20191020-kursk.pdf,2019
199,20.10.2019,ЧЕЛЯБИНСК,МКОО «АТЛАНТИДА»,КЧК,TODOROVIC ZELJKO (РОССИЯ),25,https://www.facebook.com/media/set/?set=oa.1456976084456249&type=3,20191020-chelyabinsk.pdf,2019
200,20.10.2019,САМАРА,"СООО КЦ ""АВРОРА""",ПК,БЕССАРАБОВА ОЛЬГА (РОССИЯ),54,нет,20191020-samara.pdf,2019
201,26.10.2019,САНКТ-ПЕТЕРБУРГ,СПб ОО «КЛС «Невский Бриз»,КЧК,OTAKAR VONDROUS (ЧЕХИЯ),27,да,20191026-sankt-peterburg.pdf,2019
202,26.10.2019,НОВОКУЗНЕЦК,"НГКО ""ЮВАТ""",КЧК,ГРИГОРЕНКО ТАТЬЯНА (РОССИЯ),35,https://www.facebook.com/media/set/?set=oa.1469619129858611&type=3,20191026-novokuznetsk.pdf,2019
203,09.11.2019,ЧЕЛЯБИНСК,ЧРООСЛ,КЧК,КРЫЛОВА ЕКАТЕРИНА (РОССИЯ),21,http://www.klub-laika.ru/photo/vistavky/mono_nemeckij_shpic_2019/13,20191109-chelyabinsk.pdf,2019
204,17.11.2019,САНКТ-ПЕТЕРБУРГ,"РОО ""НордВест""",ПК,ОГАНОВА НАТАЛЬЯ (РОССИЯ),46,https://www.facebook.com/media/set/?set=oa.1490814161072441&type=3,20191117-sankt-peterburg.pdf,2019
205,24.11.2019,КАЗАНЬ,КАГК,КЧК,КОЗИНА ЕЛЕНА (РОССИЯ),15,https://www.facebook.com/media/set/?set=oa.1490824734404717&type=3,20191124-kazan.pdf,2019
206,24.11.2019,НИЖНИЙ ТАГИЛ,СООКО ЕКАТЕРИНБУРГ,ПК,ОЛЬКОВА ЮЛИЯ (КАЗАХСТАН),68,http://zooportal.pro/show/photos/8369701/,20191124-nizhniy-tagil.pdf,2019
207,24.11.2019,ИРКУТСК,"ИГОО ""Ангара""",ПК,ДУДКО ДЕНИС (БЕЛАРУСЬ),44,да,20191124-irkutsk.pdf,2019
208,24.11.2019,КОСТРОМА,КОКС,КЧК,ОВСЯННИКОВА ЮЛИЯ (РОССИЯ),18,да,20191124-kostroma.pdf,2019
209,30.11.2019,ПЕРМЬ,УРКС,КЧК,СЕДЫХ Н.Е. (РОССИЯ),21,http://zooportal.pro/show/photos/6502662/,20191130-perm.pdf,2019
210,1.12.2019,ЕКАТЕРИНБУРГ,"КС и ЛС ""ФАВОРИТ""",КЧК,КУПЛЯУСКАС ЕВГЕНИЙ (РОССИЯ),34,да,20191130-ekaterinburg.pdf,2019
211,08.12.2019,МОСКВА,"МОО ""Кинология""",КЧК,ЧАЙКОВСКАЯ ФЛЕРА (РОССИЯ),26,да,20191208-moscow.pdf,2019